{
	"swagger": "2.0",
	"info": {
		"version": "1.0.0",
		"title": "Gembawalker Admin",
		"description": "Gembawalker Admin",
		"license": {
			"name": "MIT",
			"url": "https://opensource.org/licenses/MIT"
		}
	},
	"host": "dev-gemba-walker-admin-api.azurewebsites.net/",
	"basePath": "api/",
	"securityDefinitions": {
        "Bearer": {
            "type": "apiKey",
            "name": "authorization",
            "in": "header"
        }
    },
	"security": [{
        "Bearer": []
    }],
	"schemes": [
		"https"
	],
	"consumes": [
		"application/json"
	],
	"produces": [
		"application/json"
	],
	"paths": {
		"/test": {
			"get": {
				"tags": [
					"API's"
				],
				"summary": "Test Api",
				"responses": {
					
				}
			}
		},
		"/Login/LoginUserDetails": {
			"post": {
				"tags": [
					"API's"
				],
				"summary": "LoginUserDetails",
				"consumes": [
					"application/x-www-form-urlencoded"
				],
				"produces": [
					"application/json"
				],
				"parameters": [
					{
						"in": "formData",
						"name": "DomainName",
						"description": "DomainName",
						"required": true,
						"type": "string"
					}
					
				],
				"responses": {
					
				}
			}
		},
		"/Login/OTPValidate": {
			"get": {
				"tags": [
					"API's"
				],
				"summary": "OTPValidate",
				"consumes": [
					"application/x-www-form-urlencoded"
				],
				"produces": [
					"application/json"
				],
				"parameters": [
					{
						"in": "query",
						"name": "UserId",
						"description": "UserId",
						"required": true,
						"type": "string"
					},
					{
						"in": "query",
						"name": "UserOTP",
						"description": "UserOTP",
						"required": true,
						"type": "string"
					},
					{
						"in": "query",
						"name": "LocationId",
						"description": "LocationId",
						"required": true,
						"type": "string"
					}
					
				],
				"responses": {
					
				}
			}
		},
		"/Checklist/ChecklistRecord": {
			"post": {
				"tags": [
					"API's"
				],
				"summary": "ChecklistRecord",
				"consumes": [
					"application/x-www-form-urlencoded"
				],
				"produces": [
					"application/json"
				],
				"parameters": [
					{
						"in": "formData",
						"name": "DataShow",
						"description": "DataShow",
						"required": true,
						"type": "string"
					},
					{
						"in": "formData",
						"name": "LocationId",
						"description": "LocationId",
						"required": true,
						"type": "string"
					}
					
				],
				"responses": {
					
				}
			}
		},
		"/Category/GetCategory": {
			"post": {
				"tags": [
					"API's"
				],
				"summary": "GetCategory",
				"consumes": [
					"application/x-www-form-urlencoded"
				],
				"produces": [
					"application/json"
				],
				"parameters": [
					{
						"in": "formData",
						"name": "ChecklistId",
						"description": "ChecklistId",
						"required": true,
						"type": "string"
					},
					{
						"in": "formData",
						"name": "LocationId",
						"description": "LocationId",
						"required": true,
						"type": "string"
					}
					
				],
				"responses": {
					
				}
			}
		},
		"/Checklist/ChecklistDetails": {
			"post": {
				"tags": [
					"API's"
				],
				"summary": "ChecklistDetails",
				"consumes": [
					"application/x-www-form-urlencoded"
				],
				"produces": [
					"application/json"
				],
				"parameters": [
					{
						"in": "formData",
						"name": "ChecklistId",
						"description": "ChecklistId",
						"required": true,
						"type": "string"
					},
					{
						"in": "formData",
						"name": "LocationId",
						"description": "LocationId",
						"required": true,
						"type": "string"
					}
					
				],
				"responses": {
					
				}
			}
		},
		"/Checklist/CreateChecklist": {
			"post": {
				"tags": [
					"API's"
				],
				"summary": "CreateChecklist",
				"consumes": [
					"application/x-www-form-urlencoded"
				],
				"produces": [
					"application/json"
				],
				"parameters": [
					{
						"in": "formData",
						"name": "ChecklistName",
						"description": "ChecklistName",
						"required": true,
						"type": "string"
					},
					{
						"in": "formData",
						"name": "ChecklistSlug",
						"description": "ChecklistSlug",
						"required": true,
						"type": "string"
					},
					{
						"in": "formData",
						"name": "ChecklistType",
						"description": "ChecklistType",
						"required": true,
						"type": "string"
					},
					{
						"in": "formData",
						"name": "ChecklistOrder",
						"description": "ChecklistOrder",
						"required": true,
						"type": "string"
					},
					{
						"in": "formData",
						"name": "CreatedBy",
						"description": "CreatedBy",
						"required": true,
						"type": "string"
					},
					{
						"in": "formData",
						"name": "Status",
						"description": "Status",
						"required": true,
						"type": "string"
					},
					{
						"in": "formData",
						"name": "ChecklistOwner",
						"description": "ChecklistOwner",
						"required": false,
						"type": "string"
					},
					{
						"in": "formData",
						"name": "NCResponsible",
						"description": "NCResponsible",
						"required": false,
						"type": "string"
					},
					{
						"in": "formData",
						"name": "LocationId",
						"description": "LocationId",
						"required": true,
						"type": "string"
					}
					
				],
				"responses": {
					
				}
			}
		},
		"/Checklist/EditChecklist": {
			"post": {
				"tags": [
					"API's"
				],
				"summary": "EditChecklist",
				"consumes": [
					"application/x-www-form-urlencoded"
				],
				"produces": [
					"application/json"
				],
				"parameters": [
					{
						"in": "formData",
						"name": "ChecklistId",
						"description": "ChecklistId",
						"required": true,
						"type": "string"
					},
					{
						"in": "formData",
						"name": "ChecklistName",
						"description": "ChecklistName",
						"required": true,
						"type": "string"
					},
					{
						"in": "formData",
						"name": "ChecklistSlug",
						"description": "ChecklistSlug",
						"required": true,
						"type": "string"
					},
					{
						"in": "formData",
						"name": "ChecklistType",
						"description": "ChecklistType",
						"required": true,
						"type": "string"
					},
					{
						"in": "formData",
						"name": "ChecklistOrder",
						"description": "ChecklistOrder",
						"required": true,
						"type": "string"
					},
					{
						"in": "formData",
						"name": "UpdatedBy",
						"description": "UpdatedBy",
						"required": true,
						"type": "string"
					},
					{
						"in": "formData",
						"name": "Status",
						"description": "Status",
						"required": true,
						"type": "string"
					},
					{
						"in": "formData",
						"name": "ChecklistOwner",
						"description": "ChecklistOwner",
						"required": false,
						"type": "string"
					},
					{
						"in": "formData",
						"name": "NCResponsible",
						"description": "NCResponsible",
						"required": false,
						"type": "string"
					},
					{
						"in": "formData",
						"name": "LocationId",
						"description": "LocationId",
						"required": true,
						"type": "string"
					}
					
				],
				"responses": {
					
				}
			}
		},
		"/Checklist/DeleteChecklist": {
			"post": {
				"tags": [
					"API's"
				],
				"summary": "DeleteChecklist",
				"consumes": [
					"application/x-www-form-urlencoded"
				],
				"produces": [
					"application/json"
				],
				"parameters": [
					{
						"in": "formData",
						"name": "ChecklistId",
						"description": "ChecklistId",
						"required": true,
						"type": "string"
					}
				],
				"responses": {
					
				}
			}
		},
		"/Roles/RoleRecord": {
			"post": {
				"tags": [
					"API's"
				],
				"summary": "RoleRecord",
				"consumes": [
					"application/x-www-form-urlencoded"
				],
				"produces": [
					"application/json"
				],
				"parameters": [
					{
						"in": "formData",
						"name": "DataShow",
						"description": "DataShow",
						"required": true,
						"type": "string"
					},
					{
						"in": "formData",
						"name": "LocationId",
						"description": "LocationId",
						"required": true,
						"type": "string"
					}
				],
				"responses": {
					
				}
			}
		},
		"/Roles/RoleDetails": {
			"post": {
				"tags": [
					"API's"
				],
				"summary": "RoleDetails",
				"consumes": [
					"application/x-www-form-urlencoded"
				],
				"produces": [
					"application/json"
				],
				"parameters": [
					{
						"in": "formData",
						"name": "RoleId",
						"description": "RoleId",
						"required": true,
						"type": "string"
					},
					{
						"in": "formData",
						"name": "LocationId",
						"description": "LocationId",
						"required": true,
						"type": "string"
					}
				],
				"responses": {
					
				}
			}
		},
		"/Roles/CreateRole": {
			"post": {
				"tags": [
					"API's"
				],
				"summary": "CreateRole",
				"consumes": [
					"application/x-www-form-urlencoded"
				],
				"produces": [
					"application/json"
				],
				"parameters": [
					{
						"in": "formData",
						"name": "RoleName",
						"description": "RoleName",
						"required": true,
						"type": "string"
					},
					{
						"in": "formData",
						"name": "Checklists",
						"description": "Checklists",
						"required": true,
						"type": "string"
					},
					{
						"in": "formData",
						"name": "CreatedBy",
						"description": "CreatedBy",
						"required": true,
						"type": "string"
					},
					{
						"in": "formData",
						"name": "Status",
						"description": "Status",
						"required": true,
						"type": "string"
					},
					{
						"in": "formData",
						"name": "LocationId",
						"description": "LocationId",
						"required": true,
						"type": "string"
					}
				],
				"responses": {
					
				}
			}
		},
		"/Roles/EditRole": {
			"post": {
				"tags": [
					"API's"
				],
				"summary": "EditRole",
				"consumes": [
					"application/x-www-form-urlencoded"
				],
				"produces": [
					"application/json"
				],
				"parameters": [
					{
						"in": "formData",
						"name": "RoleId",
						"description": "RoleId",
						"required": true,
						"type": "string"
					},
					{
						"in": "formData",
						"name": "RoleName",
						"description": "RoleName",
						"required": true,
						"type": "string"
					},
					{
						"in": "formData",
						"name": "Checklists",
						"description": "Checklists",
						"required": true,
						"type": "string"
					},
					{
						"in": "formData",
						"name": "UpdatedBy",
						"description": "UpdatedBy",
						"required": true,
						"type": "string"
					},
					{
						"in": "formData",
						"name": "Status",
						"description": "Status",
						"required": true,
						"type": "string"
					},
					{
						"in": "formData",
						"name": "LocationId",
						"description": "LocationId",
						"required": true,
						"type": "string"
					}
				],
				"responses": {
					
				}
			}
		},
		"/Roles/DeleteRole": {
			"post": {
				"tags": [
					"API's"
				],
				"summary": "DeleteRole",
				"consumes": [
					"application/x-www-form-urlencoded"
				],
				"produces": [
					"application/json"
				],
				"parameters": [
					{
						"in": "formData",
						"name": "RoleId",
						"description": "RoleId",
						"required": true,
						"type": "string"
					}
				],
				"responses": {
					
				}
			}
		},
		"/LineResponsibility/LineRespRecord": {
			"post": {
				"tags": [
					"API's"
				],
				"summary": "LineRespRecord",
				"consumes": [
					"application/x-www-form-urlencoded"
				],
				"produces": [
					"application/json"
				],
				"parameters": [
					{
						"in": "formData",
						"name": "DataShow",
						"description": "DataShow",
						"required": true,
						"type": "string"
					},
					{
						"in": "formData",
						"name": "LocationId",
						"description": "LocationId",
						"required": true,
						"type": "string"
					}
				],
				"responses": {
					
				}
			}
		},
		"/LineResponsibility/LineRespDetails": {
			"post": {
				"tags": [
					"API's"
				],
				"summary": "LineRespDetails",
				"consumes": [
					"application/x-www-form-urlencoded"
				],
				"produces": [
					"application/json"
				],
				"parameters": [
					{
						"in": "formData",
						"name": "LineId",
						"description": "LineId",
						"required": true,
						"type": "string"
					},
					{
						"in": "formData",
						"name": "LocationId",
						"description": "LocationId",
						"required": true,
						"type": "string"
					}
				],
				"responses": {
					
				}
			}
		},
		"/LineResponsibility/CreateLineResp": {
			"post": {
				"tags": [
					"API's"
				],
				"summary": "CreateLineResp",
				"consumes": [
					"application/x-www-form-urlencoded"
				],
				"produces": [
					"application/json"
				],
				"parameters": [
					{
						"in": "formData",
						"name": "Plant",
						"description": "Plant",
						"required": true,
						"type": "string"
					},
					{
						"in": "formData",
						"name": "ValueStream",
						"description": "ValueStream",
						"required": true,
						"type": "string"
					},
					{
						"in": "formData",
						"name": "LineName",
						"description": "LineName",
						"required": true,
						"type": "string"
					},
					{
						"in": "formData",
						"name": "Checklists",
						"description": "Checklists",
						"required": true,
						"type": "string"
					},
					{
						"in": "formData",
						"name": "CreatedBy",
						"description": "CreatedBy",
						"required": true,
						"type": "string"
					},
					{
						"in": "formData",
						"name": "Status",
						"description": "Status",
						"required": true,
						"type": "string"
					},
					{
						"in": "formData",
						"name": "Engineers",
						"description": "Engineers",
						"required": true,
						"type": "string"
					},
					{
						"in": "formData",
						"name": "Leaders",
						"description": "Leaders",
						"required": true,
						"type": "string"
					},
					{
						"in": "formData",
						"name": "LocationId",
						"description": "LocationId",
						"required": true,
						"type": "string"
					}
				],
				"responses": {
					
				}
			}
		},
		"/LineResponsibility/EditLineResp": {
			"post": {
				"tags": [
					"API's"
				],
				"summary": "EditLineResp",
				"consumes": [
					"application/x-www-form-urlencoded"
				],
				"produces": [
					"application/json"
				],
				"parameters": [
					{
						"in": "formData",
						"name": "LineId",
						"description": "LineId",
						"required": true,
						"type": "string"
					},
					{
						"in": "formData",
						"name": "Plant",
						"description": "Plant",
						"required": true,
						"type": "string"
					},
					{
						"in": "formData",
						"name": "ValueStream",
						"description": "ValueStream",
						"required": true,
						"type": "string"
					},
					{
						"in": "formData",
						"name": "LineName",
						"description": "LineName",
						"required": true,
						"type": "string"
					},
					{
						"in": "formData",
						"name": "Checklists",
						"description": "Checklists",
						"required": true,
						"type": "string"
					},
					{
						"in": "formData",
						"name": "UpdatedBy",
						"description": "UpdatedBy",
						"required": true,
						"type": "string"
					},
					{
						"in": "formData",
						"name": "Status",
						"description": "Status",
						"required": true,
						"type": "string"
					},
					{
						"in": "formData",
						"name": "Engineers",
						"description": "Engineers",
						"required": true,
						"type": "string"
					},
					{
						"in": "formData",
						"name": "Leaders",
						"description": "Leaders",
						"required": true,
						"type": "string"
					},
					{
						"in": "formData",
						"name": "LocationId",
						"description": "LocationId",
						"required": true,
						"type": "string"
					}
				],
				"responses": {
					
				}
			}
		},
		"/LineResponsibility/DeleteLineResp": {
			"post": {
				"tags": [
					"API's"
				],
				"summary": "DeleteLineResp",
				"consumes": [
					"application/x-www-form-urlencoded"
				],
				"produces": [
					"application/json"
				],
				"parameters": [
					{
						"in": "formData",
						"name": "LineId",
						"description": "LineId",
						"required": true,
						"type": "string"
					}
				],
				"responses": {
					
				}
			}
		},
		"/Category/CategoryLists": {
			"post": {
				"tags": [
					"API's"
				],
				"summary": "CategoryLists",
				"consumes": [
					"application/x-www-form-urlencoded"
				],
				"produces": [
					"application/json"
				],
				"parameters": [
					{
						"in": "formData",
						"name": "DataShow",
						"description": "DataShow",
						"required": true,
						"type": "string"
					},
					{
						"in": "formData",
						"name": "Checklist",
						"description": "Checklist",
						"required": true,
						"type": "string"
					},
					{
						"in": "formData",
						"name": "LocationId",
						"description": "LocationId",
						"required": true,
						"type": "string"
					}
				],
				"responses": {
					
				}
			}
		},
		"/Category/CategoryDetails": {
			"post": {
				"tags": [
					"API's"
				],
				"summary": "CategoryDetails",
				"consumes": [
					"application/x-www-form-urlencoded"
				],
				"produces": [
					"application/json"
				],
				"parameters": [
					{
						"in": "formData",
						"name": "ChecklistId",
						"description": "ChecklistId",
						"required": true,
						"type": "string"
					},
					{
						"in": "formData",
						"name": "CategoryId",
						"description": "CategoryId",
						"required": true,
						"type": "string"
					},
					{
						"in": "formData",
						"name": "LocationId",
						"description": "LocationId",
						"required": true,
						"type": "string"
					}
				],
				"responses": {
					
				}
			}
		},
		"/Category/CreateCategory": {
			"post": {
				"tags": [
					"API's"
				],
				"summary": "CreateCategory",
				"consumes": [
					"application/x-www-form-urlencoded"
				],
				"produces": [
					"application/json"
				],
				"parameters": [
					{
						"in": "formData",
						"name": "ChecklistId",
						"description": "ChecklistId",
						"required": true,
						"type": "string"
					},
					{
						"in": "formData",
						"name": "CategoryTitle",
						"description": "CategoryTitle",
						"required": true,
						"type": "string"
					},
					{
						"in": "formData",
						"name": "CreatedBy",
						"description": "CreatedBy",
						"required": true,
						"type": "string"
					},
					{
						"in": "formData",
						"name": "Status",
						"description": "Status",
						"required": true,
						"type": "string"
					},
					{
						"in": "formData",
						"name": "LocationId",
						"description": "LocationId",
						"required": true,
						"type": "string"
					},
					{
						"in": "formData",
						"name": "CategoryOrder",
						"description": "CategoryOrder",
						"required": true,
						"type": "string"
					}
				],
				"responses": {
					
				}
			}
		},
		"/Category/EditCategory": {
			"post": {
				"tags": [
					"API's"
				],
				"summary": "EditCategory",
				"consumes": [
					"application/x-www-form-urlencoded"
				],
				"produces": [
					"application/json"
				],
				"parameters": [
					{
						"in": "formData",
						"name": "ChecklistId",
						"description": "ChecklistId",
						"required": true,
						"type": "string"
					},
					{
						"in": "formData",
						"name": "CategoryId",
						"description": "CategoryId",
						"required": true,
						"type": "string"
					},
					{
						"in": "formData",
						"name": "CategoryTitle",
						"description": "CategoryTitle",
						"required": true,
						"type": "string"
					},
					{
						"in": "formData",
						"name": "UpdatedBy",
						"description": "UpdatedBy",
						"required": true,
						"type": "string"
					},
					{
						"in": "formData",
						"name": "Status",
						"description": "Status",
						"required": true,
						"type": "string"
					},
					{
						"in": "formData",
						"name": "LocationId",
						"description": "LocationId",
						"required": true,
						"type": "string"
					},
					{
						"in": "formData",
						"name": "CategoryOrder",
						"description": "CategoryOrder",
						"required": true,
						"type": "string"
					}
				],
				"responses": {
					
				}
			}
		},
		"/Category/DeleteCategory": {
			"post": {
				"tags": [
					"API's"
				],
				"summary": "DeleteCategory",
				"consumes": [
					"application/x-www-form-urlencoded"
				],
				"produces": [
					"application/json"
				],
				"parameters": [
					{
						"in": "formData",
						"name": "ChecklistId",
						"description": "ChecklistId",
						"required": true,
						"type": "string"
					},
					{
						"in": "formData",
						"name": "CategoryId",
						"description": "CategoryId",
						"required": true,
						"type": "string"
					}
				],
				"responses": {
					
				}
			}
		},
		"/CE/CELists": {
			"post": {
				"tags": [
					"API's"
				],
				"summary": "CELists",
				"consumes": [
					"application/x-www-form-urlencoded"
				],
				"produces": [
					"application/json"
				],
				"parameters": [
					{
						"in": "formData",
						"name": "DataShow",
						"description": "DataShow",
						"required": true,
						"type": "string"
					},
					{
						"in": "formData",
						"name": "Checklist",
						"description": "Checklist",
						"required": true,
						"type": "string"
					},
					{
						"in": "formData",
						"name": "LocationId",
						"description": "LocationId",
						"required": true,
						"type": "string"
					}
				],
				"responses": {
					
				}
			}
		},
		"/CE/CEDetails": {
			"post": {
				"tags": [
					"API's"
				],
				"summary": "CEDetails",
				"consumes": [
					"application/x-www-form-urlencoded"
				],
				"produces": [
					"application/json"
				],
				"parameters": [
					{
						"in": "formData",
						"name": "CategoryId",
						"description": "CategoryId",
						"required": true,
						"type": "string"
					},
					{
						"in": "formData",
						"name": "CEId",
						"description": "CEId",
						"required": true,
						"type": "string"
					},
					{
						"in": "formData",
						"name": "LocationId",
						"description": "LocationId",
						"required": true,
						"type": "string"
					}
				],
				"responses": {
					
				}
			}
		},
		"/CE/CreateCE": {
			"post": {
				"tags": [
					"API's"
				],
				"summary": "CreateCE",
				"consumes": [
					"application/x-www-form-urlencoded"
				],
				"produces": [
					"application/json"
				],
				"parameters": [
					{
						"in": "formData",
						"name": "ChecklistId",
						"description": "ChecklistId",
						"required": true,
						"type": "string"
					},
					{
						"in": "formData",
						"name": "CategoryId",
						"description": "CategoryId",
						"required": true,
						"type": "string"
					},
					{
						"in": "formData",
						"name": "CETitle",
						"description": "CETitle",
						"required": true,
						"type": "string"
					},
					{
						"in": "formData",
						"name": "CEOrder",
						"description": "CEOrder",
						"required": true,
						"type": "string"
					},
					{
						"in": "formData",
						"name": "CreatedBy",
						"description": "CreatedBy",
						"required": true,
						"type": "string"
					},
					{
						"in": "formData",
						"name": "Status",
						"description": "Status",
						"required": true,
						"type": "string"
					},
					{
						"in": "formData",
						"name": "LocationId",
						"description": "LocationId",
						"required": true,
						"type": "string"
					}
				],
				"responses": {
					
				}
			}
			},
		"/CE/EditCE": {
			"post": {
				"tags": [
					"API's"
				],
				"summary": "EditCE",
				"consumes": [
					"application/x-www-form-urlencoded"
				],
				"produces": [
					"application/json"
				],
				"parameters": [
					{
						"in": "formData",
						"name": "CEId",
						"description": "CEId",
						"required": true,
						"type": "string"
					},
					{
						"in": "formData",
						"name": "ChecklistId",
						"description": "ChecklistId",
						"required": true,
						"type": "string"
					},
					{
						"in": "formData",
						"name": "CategoryId",
						"description": "CategoryId",
						"required": true,
						"type": "string"
					},
					{
						"in": "formData",
						"name": "CETitle",
						"description": "CETitle",
						"required": true,
						"type": "string"
					},
					{
						"in": "formData",
						"name": "CEOrder",
						"description": "CEOrder",
						"required": true,
						"type": "string"
					},
					{
						"in": "formData",
						"name": "UpdatedBy",
						"description": "UpdatedBy",
						"required": true,
						"type": "string"
					},
					{
						"in": "formData",
						"name": "Status",
						"description": "Status",
						"required": true,
						"type": "string"
					},
					{
						"in": "formData",
						"name": "LocationId",
						"description": "LocationId",
						"required": true,
						"type": "string"
					}
				],
				"responses": {
					
				}
			}
		},
		"/CE/DeleteCE": {
			"post": {
				"tags": [
					"API's"
				],
				"summary": "DeleteCE",
				"consumes": [
					"application/x-www-form-urlencoded"
				],
				"produces": [
					"application/json"
				],
				"parameters": [
					{
						"in": "formData",
						"name": "CEId",
						"description": "CEId",
						"required": true,
						"type": "string"
					},
					{
						"in": "formData",
						"name": "CategoryId",
						"description": "CategoryId",
						"required": true,
						"type": "string"
					}
				],
				"responses": {
					
				}
			}
		},
		"/MistakeCode/MCLists": {
			"post": {
				"tags": [
					"API's"
				],
				"summary": "MCLists",
				"consumes": [
					"application/x-www-form-urlencoded"
				],
				"produces": [
					"application/json"
				],
				"parameters": [
					{
						"in": "formData",
						"name": "DataShow",
						"description": "DataShow",
						"required": true,
						"type": "string"
					},
					{
						"in": "formData",
						"name": "Checklist",
						"description": "Checklist",
						"required": true,
						"type": "string"
					},
					{
						"in": "formData",
						"name": "LocationId",
						"description": "LocationId",
						"required": true,
						"type": "string"
					}
				],
				"responses": {
					
				}
			}
		},
		"/MistakeCode/MCListsByCategoryCE": {
			"post": {
				"tags": [
					"API's"
				],
				"summary": "MCListsByCategoryCE",
				"consumes": [
					"application/x-www-form-urlencoded"
				],
				"produces": [
					"application/json"
				],
				"parameters": [
					{
						"in": "formData",
						"name": "CategoryId",
						"description": "CategoryId",
						"required": true,
						"type": "string"
					},
					{
						"in": "formData",
						"name": "CEId",
						"description": "CEId",
						"required": true,
						"type": "string"
					},
					{
						"in": "formData",
						"name": "LocationId",
						"description": "LocationId",
						"required": true,
						"type": "string"
					}
				],
				"responses": {
					
				}
			}
		},
		"/MistakeCode/MCDetails": {
			"post": {
				"tags": [
					"API's"
				],
				"summary": "MCDetails",
				"consumes": [
					"application/x-www-form-urlencoded"
				],
				"produces": [
					"application/json"
				],
				"parameters": [
					{
						"in": "formData",
						"name": "MCId",
						"description": "MCId",
						"required": true,
						"type": "string"
					},
					{
						"in": "formData",
						"name": "CEId",
						"description": "CEId",
						"required": true,
						"type": "string"
					},
					{
						"in": "formData",
						"name": "LocationId",
						"description": "LocationId",
						"required": true,
						"type": "string"
					}
				],
				"responses": {
					
				}
			}
		},
		"/CE/GetControllElement": {
			"post": {
				"tags": [
					"API's"
				],
				"summary": "GetControllElement",
				"consumes": [
					"application/x-www-form-urlencoded"
				],
				"produces": [
					"application/json"
				],
				"parameters": [
					{
						"in": "formData",
						"name": "CategoryId",
						"description": "CategoryId",
						"required": true,
						"type": "string"
					},
					{
						"in": "formData",
						"name": "LocationId",
						"description": "LocationId",
						"required": true,
						"type": "string"
					}
				],
				"responses": {
					
				}
			}
		},
		"/MistakeCode/CreateMC": {
			"post": {
				"tags": [
					"API's"
				],
				"summary": "CreateMC",
				"consumes": [
					"application/x-www-form-urlencoded"
				],
				"produces": [
					"application/json"
				],
				"parameters": [
					{
						"in": "formData",
						"name": "ChecklistId",
						"description": "ChecklistId",
						"required": true,
						"type": "string"
					},
					{
						"in": "formData",
						"name": "CategoryId",
						"description": "CategoryId",
						"required": true,
						"type": "string"
					},
					{
						"in": "formData",
						"name": "CEId",
						"description": "CEId",
						"required": true,
						"type": "string"
					},
					{
						"in": "formData",
						"name": "MCTitle",
						"description": "MCTitle",
						"required": true,
						"type": "string"
					},
					{
						"in": "formData",
						"name": "MCQuestion",
						"description": "MCQuestion",
						"required": true,
						"type": "string"
					},
					{
						"in": "formData",
						"name": "MCOrder",
						"description": "MCOrder",
						"required": true,
						"type": "string"
					},
					{
						"in": "formData",
						"name": "CreatedBy",
						"description": "CreatedBy",
						"required": true,
						"type": "string"
					},
					{
						"in": "formData",
						"name": "Status",
						"description": "Status",
						"required": true,
						"type": "string"
					},
					{
						"in": "formData",
						"name": "LocationId",
						"description": "LocationId",
						"required": true,
						"type": "string"
					}
				],
				"responses": {
					
				}
			}
		},
		"/MistakeCode/EditMC": {
			"post": {
				"tags": [
					"API's"
				],
				"summary": "EditMC",
				"consumes": [
					"application/x-www-form-urlencoded"
				],
				"produces": [
					"application/json"
				],
				"parameters": [
					{
						"in": "formData",
						"name": "MCId",
						"description": "MCId",
						"required": true,
						"type": "string"
					},
					{
						"in": "formData",
						"name": "ChecklistId",
						"description": "ChecklistId",
						"required": true,
						"type": "string"
					},
					{
						"in": "formData",
						"name": "CategoryId",
						"description": "CategoryId",
						"required": true,
						"type": "string"
					},
					{
						"in": "formData",
						"name": "CEId",
						"description": "CEId",
						"required": true,
						"type": "string"
					},
					{
						"in": "formData",
						"name": "MCTitle",
						"description": "MCTitle",
						"required": true,
						"type": "string"
					},
					{
						"in": "formData",
						"name": "MCQuestion",
						"description": "MCQuestion",
						"required": true,
						"type": "string"
					},
					{
						"in": "formData",
						"name": "MCOrder",
						"description": "MCOrder",
						"required": true,
						"type": "string"
					},
					{
						"in": "formData",
						"name": "UpdatedBy",
						"description": "UpdatedBy",
						"required": true,
						"type": "string"
					},
					{
						"in": "formData",
						"name": "Status",
						"description": "Status",
						"required": true,
						"type": "string"
					},
					{
						"in": "formData",
						"name": "LocationId",
						"description": "LocationId",
						"required": true,
						"type": "string"
					}
				],
				"responses": {
					
				}
			}
		},
		"/MistakeCode/DeleteMC": {
			"post": {
				"tags": [
					"API's"
				],
				"summary": "DeleteMC",
				"consumes": [
					"application/x-www-form-urlencoded"
				],
				"produces": [
					"application/json"
				],
				"parameters": [
					{
						"in": "formData",
						"name": "CEId",
						"description": "CEId",
						"required": true,
						"type": "string"
					},
					{
						"in": "formData",
						"name": "MCId",
						"description": "MCId",
						"required": true,
						"type": "string"
					}
				],
				"responses": {
					
				}
			}
		},
		"/Users/UsersList": {
			"post": {
				"tags": [
					"API's"
				],
				"summary": "UsersList",
				"consumes": [
					"application/x-www-form-urlencoded"
				],
				"produces": [
					"application/json"
				],
				"parameters": [
					{
						"in": "formData",
						"name": "DataShow",
						"description": "DataShow",
						"required": true,
						"type": "string"
					},
					{
						"in": "formData",
						"name": "LocationId",
						"description": "LocationId",
						"required": true,
						"type": "string"
					}
				],
				"responses": {
					
				}
			}
		},
		"/Users/UserDetails": {
			"post": {
				"tags": [
					"API's"
				],
				"summary": "UserDetails",
				"consumes": [
					"application/x-www-form-urlencoded"
				],
				"produces": [
					"application/json"
				],
				"parameters": [
					{
						"in": "formData",
						"name": "UserId",
						"description": "UserId",
						"required": true,
						"type": "string"
					},
					{
						"in": "formData",
						"name": "LocationId",
						"description": "LocationId",
						"required": true,
						"type": "string"
					}
				],
				"responses": {
					
				}
			}
		},
		"/Users/EditUser": {
			"post": {
				"tags": [
					"API's"
				],
				"summary": "EditUser",
				"consumes": [
					"application/x-www-form-urlencoded"
				],
				"produces": [
					"application/json"
				],
				"parameters": [
					{
						"in": "formData",
						"name": "UserId",
						"description": "UserId",
						"required": true,
						"type": "string"
					},
					{
						"in": "formData",
						"name": "Auditor",
						"description": "Auditor",
						"required": true,
						"type": "string"
					},
					{
						"in": "formData",
						"name": "RoleId",
						"description": "RoleId",
						"required": true,
						"type": "string"
					},
					{
						"in": "formData",
						"name": "SuperAdmin",
						"description": "SuperAdmin",
						"required": true,
						"type": "string"
					},
					{
						"in": "formData",
						"name": "UpdatedBy",
						"description": "UpdatedBy",
						"required": true,
						"type": "string"
					},
					{
						"in": "formData",
						"name": "Status",
						"description": "Status",
						"required": true,
						"type": "string"
					},
					{
						"in": "formData",
						"name": "LocationId",
						"description": "LocationId",
						"required": true,
						"type": "string"
					}
				],
				"responses": {
					
				}
			}
		},
		"/Users/CreateUser": {
			"post": {
				"tags": [
					"API's"
				],
				"summary": "CreateUser",
				"consumes": [
					"application/x-www-form-urlencoded"
				],
				"produces": [
					"application/json"
				],
				"parameters": [
					{
						"in": "formData",
						"name": "EmpIdOld",
						"description": "EmpIdOld",
						"required": true,
						"type": "string"
					},
					{
						"in": "formData",
						"name": "EmpId",
						"description": "EmpId",
						"required": true,
						"type": "string"
					},
					{
						"in": "formData",
						"name": "FirstName",
						"description": "FirstName",
						"required": true,
						"type": "string"
					},
					{
						"in": "formData",
						"name": "LastName",
						"description": "LastName",
						"required": true,
						"type": "string"
					},
					{
						"in": "formData",
						"name": "Email",
						"description": "Email",
						"required": true,
						"type": "string"
					},
					{
						"in": "formData",
						"name": "DomainName",
						"description": "DomainName",
						"required": true,
						"type": "string"
					},
					{
						"in": "formData",
						"name": "SuperAdmin",
						"description": "SuperAdmin",
						"required": true,
						"type": "string"
					},
					{
						"in": "formData",
						"name": "Auditor",
						"description": "Auditor",
						"required": true,
						"type": "string"
					},
					{
						"in": "formData",
						"name": "RoleId",
						"description": "RoleId",
						"required": true,
						"type": "string"
					},
					{
						"in": "formData",
						"name": "CreatedBy",
						"description": "CreatedBy",
						"required": true,
						"type": "string"
					},
					{
						"in": "formData",
						"name": "Status",
						"description": "Status",
						"required": true,
						"type": "string"
					},
					{
						"in": "formData",
						"name": "LocationId",
						"description": "LocationId",
						"required": true,
						"type": "string"
					}
				],
				"responses": {
					
				}
			}
		},
		"/Users/GetUserRoles": {
			"get": {
				"tags": [
					"API's"
				],
				"summary": "GetUserRoles",
				"parameters": [
					{
						"in": "query",
						"name": "searchKey",
						"description": "searchKey",
						"required": true,
						"type": "string"
					}
				],
				"responses": {
					
				}
			}
		},
		"/Audits/GetPendingNCList": {
			"post": {
				"tags": [
					"API's"
				],
				"summary": "GetPendingNCList",
				"consumes": [
					"application/x-www-form-urlencoded"
				],
				"produces": [
					"application/json"
				],
				"parameters": [
					{
						"in": "formData",
						"name": "LocationId",
						"description": "LocationId",
						"required": true,
						"type": "string"
					}
				],
				"responses": {
					
				}
			}
		},
		"/Audits/GetCompletedNCList": {
			"post": {
				"tags": [
					"API's"
				],
				"summary": "GetCompletedNCList",
				"consumes": [
					"application/x-www-form-urlencoded"
				],
				"produces": [
					"application/json"
				],
				"parameters": [
					
				],
				"responses": {
					
				}
			}
		},
		"/Audits/GetAuditNCList": {
			"get": {
				"tags": [
					"API's"
				],
				"summary": "GetAuditNCList",
				"consumes": [
					"application/x-www-form-urlencoded"
				],
				"produces": [
					"application/json"
				],
				"parameters": [
					{
						"in": "query",
						"name": "LocationId",
						"description": "LocationId",
						"required": true,
						"type": "string"
					},
					{
						"in": "query",
						"name": "NCCreatedStart",
						"description": "NCCreatedStart",
						"required": false,
						"type": "string"
					},
					{
						"in": "query",
						"name": "NCCreatedEnd",
						"description": "NCCreatedEnd",
						"required": false,
						"type": "string"
					},
					{
						"in": "query",
						"name": "NCStatus",
						"description": "NCStatus",
						"required": false,
						"type": "string"
					},
					{
						"in": "query",
						"name": "Auditer",
						"description": "Auditer",
						"required": false,
						"type": "string"
					},
					{
						"in": "query",
						"name": "Responsible",
						"description": "Responsible",
						"required": false,
						"type": "string"
					}
				],
				"responses": {
					
				}
			}
		},
		"/Audits/GetAuditNCDetails": {
			"post": {
				"tags": [
					"API's"
				],
				"summary": "GetAuditNCDetails",
				"consumes": [
					"application/x-www-form-urlencoded"
				],
				"produces": [
					"application/json"
				],
				"parameters": [
					{
						"in": "formData",
						"name": "NCId",
						"description": "NCId",
						"required": true,
						"type": "string"
					},
					{
						"in": "formData",
						"name": "LocationId",
						"description": "LocationId",
						"required": true,
						"type": "string"
					}
				],
				"responses": {
					
				}
			}
		},
		"/Audits/GetInprogressNCList": {
			"post": {
				"tags": [
					"API's"
				],
				"summary": "GetInprogressNCList",
				"consumes": [
					"application/x-www-form-urlencoded"
				],
				"produces": [
					"application/json"
				],
				"parameters": [
					{
						"in": "formData",
						"name": "RAId",
						"description": "RAId",
						"required": true,
						"type": "string"
					},
					{
						"in": "formData",
						"name": "LocationId",
						"description": "LocationId",
						"required": true,
						"type": "string"
					}
				],
				"responses": {
					
				}
			}
		},
		"/Users/GetMiniAdmins": {
			"post": {
				"tags": [
					"API's"
				],
				"summary": "GetMiniAdmins",
				"consumes": [
					"application/x-www-form-urlencoded"
				],
				"produces": [
					"application/json"
				],
				"parameters": [
					{
						"in": "formData",
						"name": "LocationId",
						"description": "LocationId",
						"required": false,
						"type": "string"
					}
				],
				"responses": {
					
				}
			}
		},
		"/Audits/NCUpdate": {
			"post": {
				"tags": [
					"API's"
				],
				"summary": "NCUpdate",
				"consumes": [
					"application/x-www-form-urlencoded"
				],
				"produces": [
					"application/json"
				],
				"parameters": [
					{
						"in": "formData",
						"name": "NCId",
						"description": "NCId",
						"required": true,
						"type": "string"
					},
					{
						"in": "formData",
						"name": "CategoryId",
						"description": "CategoryId",
						"required": true,
						"type": "string"
					},
					{
						"in": "formData",
						"name": "CEId",
						"description": "CEId",
						"required": true,
						"type": "string"
					},
					{
						"in": "formData",
						"name": "MCId",
						"description": "MCId",
						"required": true,
						"type": "string"
					},
					{
						"in": "formData",
						"name": "NCDescription",
						"description": "NCDescription",
						"required": true,
						"type": "string"
					},
					{
						"in": "formData",
						"name": "ResponsibleId",
						"description": "ResponsibleId",
						"required": true,
						"type": "string"
					},
					{
						"in": "formData",
						"name": "CADescription",
						"description": "CADescription",
						"required": true,
						"type": "string"
					},
					{
						"in": "formData",
						"name": "ImpDate",
						"description": "ImpDate",
						"required": true,
						"type": "string"
					},
					{
						"in": "formData",
						"name": "CAId",
						"description": "CAId",
						"required": true,
						"type": "string"
					},
					{
						"in": "formData",
						"name": "LocationId",
						"description": "LocationId",
						"required": true,
						"type": "string"
					}
				],
				"responses": {
					
				}
			}
		},
		"/Audits/GetOkAudits": {
			"post": {
				"tags": [
					"API's"
				],
				"summary": "GetOkAudits",
				"consumes": [
					"application/x-www-form-urlencoded"
				],
				"produces": [
					"application/json"
				],
				"parameters": [
					{
						"in": "formData",
						"name": "StartDate",
						"description": "StartDate",
						"required": false,
						"type": "string"
					},
					{
						"in": "formData",
						"name": "EndDate",
						"description": "EndDate",
						"required": false,
						"type": "string"
					},
					{
						"in": "formData",
						"name": "ChecklistId",
						"description": "ChecklistId",
						"required": false,
						"type": "string"
					},
					{
						"in": "formData",
						"name": "Plant",
						"description": "Plant",
						"required": false,
						"type": "string"
					},
					{
						"in": "formData",
						"name": "ValueStream",
						"description": "ValueStream",
						"required": false,
						"type": "string"
					},
					{
						"in": "formData",
						"name": "LineName",
						"description": "LineName",
						"required": false,
						"type": "string"
					},
					{
						"in": "formData",
						"name": "AuditerId",
						"description": "AuditerId",
						"required": false,
						"type": "string"
					},
					{
						"in": "formData",
						"name": "LocationId",
						"description": "LocationId",
						"required": true,
						"type": "string"
					}
				],
				"responses": {
					
				}
			}
		},
		"/AuditPlanning/FreequencyList": {
			"post": {
				"tags": [
					"API's"
				],
				"summary": "FreequencyList",
				"consumes": [
					"application/x-www-form-urlencoded"
				],
				"produces": [
					"application/json"
				],
				"parameters": [
					
				],
				"responses": {
					
				}
			}
		},
		"/AuditPlanning/AuditPlanningList": {
			"post": {
				"tags": [
					"API's"
				],
				"summary": "AuditPlanningList",
				"consumes": [
					"application/x-www-form-urlencoded"
				],
				"produces": [
					"application/json"
				],
				"parameters": [
					{
						"in": "formData",
						"name": "LocationId",
						"description": "LocationId",
						"required": true,
						"type": "string"
					}
					
				],
				"responses": {
					
				}
			}
		},
		"/AuditPlanning/AuditPlanningDetails": {
			"post": {
				"tags": [
					"API's"
				],
				"summary": "AuditPlanningDetails",
				"consumes": [
					"application/x-www-form-urlencoded"
				],
				"produces": [
					"application/json"
				],
				"parameters": [
					{
						"in": "formData",
						"name": "LocationId",
						"description": "LocationId",
						"required": true,
						"type": "string"
					},
					{
						"in": "formData",
						"name": "AuditPlanningId",
						"description": "AuditPlanningId",
						"required": true,
						"type": "string"
					}
					
				],
				"responses": {
					
				}
			}
		},
		"/AuditPlanning/CreateAuditPlanning": {
			"post": {
				"tags": [
					"API's"
				],
				"summary": "CreateAuditPlanning",
				"consumes": [
					"application/x-www-form-urlencoded"
				],
				"produces": [
					"application/json"
				],
				"parameters": [
					{
						"in": "formData",
						"name": "ChecklistId",
						"description": "ChecklistId",
						"required": true,
						"type": "string"
					},
					{
						"in": "formData",
						"name": "Freequency",
						"description": "Freequency",
						"required": true,
						"type": "string"
					},
					{
						"in": "formData",
						"name": "LineIds",
						"description": "LineIds",
						"required": true,
						"type": "string"
					},
					{
						"in": "formData",
						"name": "Status",
						"description": "Status",
						"required": true,
						"type": "string"
					},
					{
						"in": "formData",
						"name": "CreatedBy",
						"description": "CreatedBy",
						"required": true,
						"type": "string"
					},
					{
						"in": "formData",
						"name": "LocationId",
						"description": "LocationId",
						"required": true,
						"type": "string"
					}
					
				],
				"responses": {
					
				}
			}
		},
		"/AuditPlanning/EditAuditPlanning": {
			"post": {
				"tags": [
					"API's"
				],
				"summary": "EditAuditPlanning",
				"consumes": [
					"application/x-www-form-urlencoded"
				],
				"produces": [
					"application/json"
				],
				"parameters": [
					{
						"in": "formData",
						"name": "AuditPlanningId",
						"description": "AuditPlanningId",
						"required": true,
						"type": "string"
					},
					{
						"in": "formData",
						"name": "ChecklistId",
						"description": "ChecklistId",
						"required": true,
						"type": "string"
					},
					{
						"in": "formData",
						"name": "Freequency",
						"description": "Freequency",
						"required": true,
						"type": "string"
					},
					{
						"in": "formData",
						"name": "LineIds",
						"description": "LineIds",
						"required": true,
						"type": "string"
					},
					{
						"in": "formData",
						"name": "Status",
						"description": "Status",
						"required": true,
						"type": "string"
					},
					{
						"in": "formData",
						"name": "UpdatedBy",
						"description": "UpdatedBy",
						"required": true,
						"type": "string"
					},
					{
						"in": "formData",
						"name": "LocationId",
						"description": "LocationId",
						"required": true,
						"type": "string"
					}
					
				],
				"responses": {
					
				}
			}
		},
		"/AuditPlanning/DeleteAuditPlanning": {
			"post": {
				"tags": [
					"API's"
				],
				"summary": "DeleteAuditPlanning",
				"consumes": [
					"application/x-www-form-urlencoded"
				],
				"produces": [
					"application/json"
				],
				"parameters": [
					{
						"in": "formData",
						"name": "AuditPlanningId",
						"description": "AuditPlanningId",
						"required": true,
						"type": "string"
					},
					{
						"in": "formData",
						"name": "LocationId",
						"description": "LocationId",
						"required": true,
						"type": "string"
					}
					
				],
				"responses": {
					
				}
			}
		},
		"/Settings/SeetingsUpdate": {
			"post": {
				"tags": [
					"API's"
				],
				"summary": "SeetingsUpdate",
				"consumes": [
					"application/x-www-form-urlencoded"
				],
				"produces": [
					"application/json"
				],
				"parameters": [
					{
						"in": "formData",
						"name": "LocationId",
						"description": "LocationId",
						"required": true,
						"type": "number"
					},
					{
						"in": "formData",
						"name": "CreateNC",
						"description": "CreateNC",
						"required": true,
						"type": "number"
					},
					{
						"in": "formData",
						"name": "CreateCA",
						"description": "CreateCA",
						"required": true,
						"type": "number"
					},
					{
						"in": "formData",
						"name": "NCVerification",
						"description": "NCVerification",
						"required": true,
						"type": "number"
					},
					{
						"in": "formData",
						"name": "NCReassign",
						"description": "NCReassign",
						"required": true,
						"type": "number"
					},
					{
						"in": "formData",
						"name": "NCImplemented",
						"description": "NCImplemented",
						"required": true,
						"type": "number"
					},
					{
						"in": "formData",
						"name": "AuditScheduled",
						"description": "AuditScheduled",
						"required": true,
						"type": "number"
					},
					{
						"in": "formData",
						"name": "UpdatedBy",
						"description": "UpdatedBy",
						"required": true,
						"type": "number"
					}
					
				],
				"responses": {
					
				}
			}
		},
		"/Audits/GetLPAudits": {
			"post": {
				"tags": [
					"API's"
				],
				"summary": "GetLPAudits",
				"consumes": [
					"application/x-www-form-urlencoded"
				],
				"produces": [
					"application/json"
				],
				"parameters": [
					{
						"in": "formData",
						"name": "LocationId",
						"description": "LocationId",
						"required": true,
						"type": "string"
					}
					
				],
				"responses": {
					
				}
			}
		},
		"/Audits/GetLPAuditDetails": {
			"post": {
				"tags": [
					"API's"
				],
				"summary": "GetLPAuditDetails",
				"consumes": [
					"application/x-www-form-urlencoded"
				],
				"produces": [
					"application/json"
				],
				"parameters": [
					{
						"in": "formData",
						"name": "LocationId",
						"description": "LocationId",
						"required": true,
						"type": "string"
					},
					{
						"in": "formData",
						"name": "RAId",
						"description": "RAId",
						"required": true,
						"type": "string"
					},
					{
						"in": "formData",
						"name": "ChecklistId",
						"description": "ChecklistId",
						"required": true,
						"type": "string"
					}
					
				],
				"responses": {
					
				}
			}
		},
		"/AuditScheduled/AuditScheduledList": {
			"get": {
				"tags": [
					"API's"
				],
				"summary": "AuditScheduledList",
				"parameters": [
					{
						"in": "query",
						"name": "LocationId",
						"description": "LocationId",
						"required": true,
						"type": "string"
					},
					{
						"in": "query",
						"name": "ChecklistId",
						"description": "ChecklistId",
						"required": true,
						"type": "string"
					},
					{
						"in": "query",
						"name": "Freequency",
						"description": "Freequency",
						"required": true,
						"type": "string"
					},
					{
						"in": "query",
						"name": "Plant",
						"description": "Plant",
						"required": true,
						"type": "string"
					},
					{
						"in": "query",
						"name": "ValueStream",
						"description": "ValueStream",
						"required": true,
						"type": "string"
					},
					{
						"in": "query",
						"name": "LineName",
						"description": "LineName",
						"required": true,
						"type": "string"
					},
					{
						"in": "query",
						"name": "AuditScheduledStatus",
						"description": "AuditScheduledStatus",
						"required": true,
						"type": "string"
					},
					{
						"in": "query",
						"name": "getMonth",
						"description": "getMonth",
						"required": true,
						"type": "string"
					},
					{
						"in": "query",
						"name": "getYear",
						"description": "getYear",
						"required": true,
						"type": "string"
					}
				],
				"responses": {
					
				}
			}
		},
		"/Settings/GetSettings": {
			"post": {
				"tags": [
					"API's"
				],
				"summary": "GetSettings",
				"consumes": [
					"application/x-www-form-urlencoded"
				],
				"produces": [
					"application/json"
				],
				"parameters": [
					{
						"in": "formData",
						"name": "LocationId",
						"description": "LocationId",
						"required": true,
						"type": "string"
					}					
				],
				"responses": {
					
				}
			}
		}
	}
}